x,y,w,h,aspect_ratio,direction
524,108,280,280,1.0,right
534,108,279,279,1.0,right
478,151,198,198,1.0,right
471,148,221,221,1.0,right
471,148,221,221,1.0,right
608,171,196,196,1.0,left
603,156,216,216,1.0,left
548,123,276,276,1.0,right
534,115,298,298,1.0,center
529,116,308,308,1.0,center
526,119,316,316,1.0,center
522,117,319,319,1.0,right
522,117,319,319,1.0,left
522,117,319,319,1.0,center
524,118,317,317,1.0,right
524,118,317,317,1.0,left
529,119,317,317,1.0,right
529,119,317,317,1.0,left
529,119,317,317,1.0,center
526,120,319,319,1.0,right
526,120,319,319,1.0,left
532,123,309,309,1.0,right
532,123,309,309,1.0,left
535,124,308,308,1.0,right
535,124,308,308,1.0,left
523,117,325,325,1.0,left
523,117,325,325,1.0,right
529,121,319,319,1.0,right
529,121,319,319,1.0,left
533,119,313,313,1.0,right
533,119,313,313,1.0,left
537,121,311,311,1.0,right
537,121,311,311,1.0,left
532,123,315,315,1.0,right
532,123,315,315,1.0,left
537,124,309,309,1.0,right
537,124,309,309,1.0,left
544,125,300,300,1.0,right
544,125,300,300,1.0,left
537,120,307,307,1.0,right
537,120,307,307,1.0,left
534,119,312,312,1.0,right
534,119,312,312,1.0,left
534,121,310,310,1.0,right
534,121,310,310,1.0,left
535,125,306,306,1.0,right
535,125,306,306,1.0,left
535,123,307,307,1.0,left
535,123,307,307,1.0,right
534,124,307,307,1.0,right
534,124,307,307,1.0,left
531,124,310,310,1.0,center
539,129,303,303,1.0,center
546,133,299,299,1.0,center
546,133,299,299,1.0,center
557,130,299,299,1.0,center
575,131,291,291,1.0,right
592,128,295,295,1.0,center
602,131,290,290,1.0,left
602,131,290,290,1.0,center
610,135,289,289,1.0,left
610,135,289,289,1.0,right
610,135,289,289,1.0,center
602,132,296,296,1.0,right
602,132,296,296,1.0,center
606,134,291,291,1.0,center
606,134,291,291,1.0,right
597,131,296,296,1.0,right
597,131,296,296,1.0,center
585,134,297,297,1.0,right
532,132,315,315,1.0,left
532,132,315,315,1.0,center
526,131,317,317,1.0,center
525,140,301,301,1.0,right
525,140,301,301,1.0,left
528,143,295,295,1.0,right
528,143,295,295,1.0,left
524,140,302,302,1.0,right
524,140,302,302,1.0,left
523,139,301,301,1.0,right
523,139,301,301,1.0,left
523,135,309,309,1.0,right
523,135,309,309,1.0,left
530,136,309,309,1.0,right
530,136,309,309,1.0,left
532,136,309,309,1.0,right
532,136,309,309,1.0,left
532,137,306,306,1.0,right
532,137,306,306,1.0,left
537,137,303,303,1.0,right
537,137,303,303,1.0,left
532,129,317,317,1.0,right
532,129,317,317,1.0,center
539,132,309,309,1.0,right
539,132,309,309,1.0,center
539,132,309,309,1.0,left
548,141,293,293,1.0,right
548,141,293,293,1.0,left
551,140,295,295,1.0,right
551,140,295,295,1.0,left
546,135,302,302,1.0,right
546,135,302,302,1.0,left
548,138,297,297,1.0,right
548,138,297,297,1.0,left
550,142,291,291,1.0,left
550,142,291,291,1.0,right
546,139,300,300,1.0,right
546,139,300,300,1.0,left
546,139,300,300,1.0,left
550,141,295,295,1.0,right
550,141,295,295,1.0,left
544,136,302,302,1.0,right
544,136,302,302,1.0,left
538,133,311,311,1.0,right
538,133,311,311,1.0,left
548,138,300,300,1.0,center
548,137,297,297,1.0,right
550,141,299,299,1.0,center
550,141,299,299,1.0,left
547,138,298,298,1.0,right
547,138,298,298,1.0,left
547,138,298,298,1.0,center
548,135,299,299,1.0,right
548,135,299,299,1.0,left
548,135,299,299,1.0,center
548,138,297,297,1.0,right
548,138,297,297,1.0,left
544,134,301,301,1.0,right
544,134,301,301,1.0,left
547,136,298,298,1.0,right
547,136,298,298,1.0,left
547,136,298,298,1.0,center
544,133,304,304,1.0,right
544,133,304,304,1.0,left
544,136,301,301,1.0,right
544,136,301,301,1.0,left
544,136,301,301,1.0,center
544,135,303,303,1.0,right
544,135,303,303,1.0,left
544,135,303,303,1.0,center
546,138,298,298,1.0,right
546,138,298,298,1.0,left
545,138,301,301,1.0,right
545,138,301,301,1.0,left
546,139,297,297,1.0,right
546,139,297,297,1.0,left
551,141,295,295,1.0,right
551,141,295,295,1.0,left
544,137,301,301,1.0,right
544,137,301,301,1.0,left
545,136,299,299,1.0,right
545,136,299,299,1.0,left
541,135,304,304,1.0,right
541,135,304,304,1.0,left
546,137,298,298,1.0,right
546,137,298,298,1.0,left
547,137,293,293,1.0,left
547,137,293,293,1.0,right
540,131,307,307,1.0,right
540,131,307,307,1.0,left
539,131,307,307,1.0,right
539,131,307,307,1.0,left
528,134,310,310,1.0,center
518,126,325,325,1.0,center
513,128,310,310,1.0,center
497,124,315,315,1.0,left
497,124,315,315,1.0,center
497,124,315,315,1.0,left
500,127,302,302,1.0,center
500,127,302,302,1.0,left
493,125,308,308,1.0,center
493,125,308,308,1.0,left
491,125,308,308,1.0,right
491,125,308,308,1.0,left
488,121,312,312,1.0,left
488,121,312,312,1.0,right
489,117,312,312,1.0,right
489,117,312,312,1.0,left
494,123,297,297,1.0,right
494,123,297,297,1.0,left
493,117,307,307,1.0,right
493,117,307,307,1.0,left
491,109,318,318,1.0,center
491,109,318,318,1.0,left
491,112,319,319,1.0,center
491,112,319,319,1.0,left
497,115,309,309,1.0,right
497,115,309,309,1.0,left
500,115,317,317,1.0,right
500,115,317,317,1.0,left
496,105,332,332,1.0,right
496,105,332,332,1.0,center
505,107,331,331,1.0,center
505,107,331,331,1.0,left
505,102,343,343,1.0,center
508,110,332,332,1.0,right
508,110,332,332,1.0,center
509,109,333,333,1.0,right
509,109,333,333,1.0,left
500,101,348,348,1.0,right
500,101,348,348,1.0,left
500,101,348,348,1.0,left
504,103,343,343,1.0,right
504,103,343,343,1.0,left
504,103,343,343,1.0,left
499,106,345,345,1.0,right
499,106,345,345,1.0,left
509,119,318,318,1.0,left
509,119,318,318,1.0,right
495,113,328,328,1.0,right
495,113,328,328,1.0,left
495,116,319,319,1.0,center
495,116,319,319,1.0,left
488,118,319,319,1.0,right
488,118,319,319,1.0,left
482,121,316,316,1.0,right
482,121,316,316,1.0,left
484,121,316,316,1.0,left
484,121,316,316,1.0,right
475,119,320,320,1.0,right
477,127,307,307,1.0,right
474,126,311,311,1.0,right
477,128,307,307,1.0,right
479,130,303,303,1.0,right
478,129,302,302,1.0,right
478,129,302,302,1.0,left
472,124,315,315,1.0,right
478,125,304,304,1.0,right
474,125,304,304,1.0,right
472,128,302,302,1.0,right
467,123,309,309,1.0,center
462,129,301,301,1.0,right
453,123,310,310,1.0,right
453,130,306,306,1.0,right
451,127,304,304,1.0,right
451,127,304,304,1.0,left
453,127,307,307,1.0,right
453,127,307,307,1.0,left
452,121,315,315,1.0,center
452,121,315,315,1.0,left
463,124,310,310,1.0,center
463,124,310,310,1.0,left
463,124,310,310,1.0,left
468,128,301,301,1.0,center
468,128,301,301,1.0,right
467,120,311,311,1.0,right
469,117,319,319,1.0,right
488,120,310,310,1.0,center
489,121,312,312,1.0,right
484,112,326,326,1.0,center
484,112,326,326,1.0,center
495,120,308,308,1.0,center
485,113,323,323,1.0,right
485,113,323,323,1.0,left
490,116,319,319,1.0,right
498,123,308,308,1.0,right
495,120,315,315,1.0,right
495,120,315,315,1.0,left
502,121,312,312,1.0,right
502,121,312,312,1.0,left
503,119,313,313,1.0,right
501,119,315,315,1.0,right
499,117,320,320,1.0,right
499,117,320,320,1.0,right
499,117,320,320,1.0,left
502,117,320,320,1.0,center
514,125,307,307,1.0,right
514,125,315,315,1.0,center
517,127,316,316,1.0,right
517,127,316,316,1.0,right
520,132,310,310,1.0,right
519,127,319,319,1.0,right
513,124,326,326,1.0,right
513,124,326,326,1.0,center
513,124,326,326,1.0,left
514,127,325,325,1.0,right
514,127,325,325,1.0,left
521,132,315,315,1.0,right
520,133,315,315,1.0,right
520,133,315,315,1.0,left
520,133,315,315,1.0,center
520,133,315,315,1.0,left
517,132,315,315,1.0,right
517,132,315,315,1.0,center
517,132,315,315,1.0,left
517,132,315,315,1.0,center
519,136,312,312,1.0,right
519,136,312,312,1.0,left
516,133,316,316,1.0,right
516,133,316,316,1.0,left
518,138,309,309,1.0,right
518,138,309,309,1.0,left
524,143,299,299,1.0,right
520,137,307,307,1.0,right
508,132,320,320,1.0,center
501,136,317,317,1.0,center
495,137,318,318,1.0,right
488,140,315,315,1.0,right
478,133,324,324,1.0,center
473,131,334,334,1.0,center
481,142,311,311,1.0,right
461,136,334,334,1.0,right
461,137,339,339,1.0,right
459,135,334,334,1.0,right
464,148,320,320,1.0,right
462,142,328,328,1.0,right
462,142,328,328,1.0,left
462,142,328,328,1.0,center
458,141,329,329,1.0,right
466,146,320,320,1.0,left
466,146,320,320,1.0,right
458,138,333,333,1.0,right
462,148,320,320,1.0,right
462,148,320,320,1.0,right
462,148,320,320,1.0,left
459,145,326,326,1.0,right
459,145,326,326,1.0,left
461,146,321,321,1.0,right
463,146,321,321,1.0,right
463,146,321,321,1.0,left
470,153,307,307,1.0,right
470,153,307,307,1.0,left
453,142,333,333,1.0,right
453,142,333,333,1.0,left
464,151,319,319,1.0,right
464,151,319,319,1.0,left
453,145,329,329,1.0,right
453,145,329,329,1.0,left
443,139,345,345,1.0,right
461,150,312,312,1.0,right
461,150,312,312,1.0,left
463,153,308,308,1.0,right
456,149,317,317,1.0,right
449,142,335,335,1.0,right
445,141,345,345,1.0,center
454,142,333,333,1.0,center
454,142,333,333,1.0,center
448,144,335,335,1.0,right
448,144,335,335,1.0,left
441,142,351,351,1.0,left
441,142,351,351,1.0,right
441,142,351,351,1.0,left
445,140,342,342,1.0,right
445,140,342,342,1.0,left
445,140,342,342,1.0,left
440,138,346,346,1.0,right
440,138,346,346,1.0,left
440,139,346,346,1.0,right
440,139,346,346,1.0,left
443,141,345,345,1.0,right
443,141,345,345,1.0,left
445,138,348,348,1.0,center
445,138,348,348,1.0,left
429,133,364,364,1.0,center
429,133,364,364,1.0,left
448,142,345,345,1.0,center
449,150,334,334,1.0,right
449,150,334,334,1.0,left
454,151,325,325,1.0,right
454,151,325,325,1.0,left
442,143,345,345,1.0,right
442,143,345,345,1.0,left
440,143,346,346,1.0,right
440,143,346,346,1.0,left
442,147,346,346,1.0,right
442,147,346,346,1.0,left
443,145,345,345,1.0,left
443,145,345,345,1.0,right
443,145,345,345,1.0,left
443,145,345,345,1.0,right
443,142,351,351,1.0,center
443,142,351,351,1.0,left
440,144,351,351,1.0,center
433,139,359,359,1.0,right
441,142,353,353,1.0,right
441,142,353,353,1.0,left
448,150,335,335,1.0,right
448,150,335,335,1.0,left
445,153,335,335,1.0,right
446,150,343,343,1.0,center
446,150,343,343,1.0,left
445,150,336,336,1.0,right
442,151,345,345,1.0,right
445,156,335,335,1.0,right
445,156,335,335,1.0,left
438,144,356,356,1.0,center
444,146,351,351,1.0,right
444,146,351,351,1.0,left
447,147,345,345,1.0,left
447,147,345,345,1.0,center
447,150,343,343,1.0,center
447,150,343,343,1.0,left
445,153,336,336,1.0,right
432,141,368,368,1.0,center
432,141,368,368,1.0,left
439,145,356,356,1.0,right
439,145,356,356,1.0,left
438,147,348,348,1.0,right
438,147,348,348,1.0,left
445,147,348,348,1.0,center
445,147,348,348,1.0,left
436,144,353,353,1.0,right
436,144,353,353,1.0,left
440,147,344,344,1.0,right
440,147,344,344,1.0,left
448,151,336,336,1.0,right
448,151,336,336,1.0,left
438,146,353,353,1.0,right
438,146,353,353,1.0,left
443,148,346,346,1.0,center
443,148,346,346,1.0,left
446,151,336,336,1.0,right
446,151,336,336,1.0,left
450,155,328,328,1.0,right
450,155,328,328,1.0,left
450,155,328,328,1.0,center
451,152,336,336,1.0,center
446,151,337,337,1.0,right
463,152,322,322,1.0,right
463,152,322,322,1.0,left
456,146,333,333,1.0,right
461,146,333,333,1.0,center
472,152,317,317,1.0,right
468,146,326,326,1.0,right
458,140,343,343,1.0,right
459,139,343,343,1.0,right
462,142,335,335,1.0,right
478,151,315,315,1.0,right
478,151,315,315,1.0,center
480,152,312,312,1.0,right
480,152,312,312,1.0,right
472,147,329,329,1.0,right
474,145,323,323,1.0,right
474,145,323,323,1.0,left
473,146,329,329,1.0,right
473,146,329,329,1.0,left
481,149,312,312,1.0,right
481,149,312,312,1.0,left
485,155,307,307,1.0,right
485,155,307,307,1.0,left
485,155,307,307,1.0,left
475,145,326,326,1.0,right
475,145,326,326,1.0,left
474,146,329,329,1.0,right
474,146,329,329,1.0,left
479,147,316,316,1.0,right
479,147,316,316,1.0,left
478,149,315,315,1.0,right
478,149,315,315,1.0,left
478,149,315,315,1.0,left
480,150,315,315,1.0,right
476,147,320,320,1.0,right
477,149,315,315,1.0,right
477,149,315,315,1.0,left
470,141,333,333,1.0,right
473,143,327,327,1.0,right
473,143,327,327,1.0,left
480,151,311,311,1.0,right
480,151,311,311,1.0,left
480,147,316,316,1.0,right
480,147,316,316,1.0,left
477,145,321,321,1.0,right
477,145,321,321,1.0,left
482,150,312,312,1.0,right
482,150,312,312,1.0,left
483,148,309,309,1.0,right
483,148,309,309,1.0,left
475,144,322,322,1.0,right
475,144,322,322,1.0,left
477,142,325,325,1.0,right
475,145,321,321,1.0,left
475,145,321,321,1.0,right
476,146,325,325,1.0,right
476,146,325,325,1.0,left
477,145,317,317,1.0,right
477,145,317,317,1.0,left
475,143,322,322,1.0,right
475,143,322,322,1.0,left
479,143,322,322,1.0,right
479,143,322,322,1.0,left
478,146,317,317,1.0,right
478,146,317,317,1.0,left
481,148,318,318,1.0,right
481,148,318,318,1.0,left
485,145,318,318,1.0,center
472,141,327,327,1.0,right
472,141,327,327,1.0,left
470,139,334,334,1.0,right
470,139,334,334,1.0,left
470,139,334,334,1.0,center
470,139,334,334,1.0,left
460,133,356,356,1.0,right
460,133,356,356,1.0,left
465,137,341,341,1.0,right
465,137,341,341,1.0,left
474,145,324,324,1.0,right
474,145,324,324,1.0,left
477,146,320,320,1.0,right
477,146,320,320,1.0,left
467,136,341,341,1.0,left
467,136,341,341,1.0,center
473,142,329,329,1.0,left
473,142,329,329,1.0,right
476,144,324,324,1.0,right
476,144,324,324,1.0,left
466,139,335,335,1.0,right
466,139,335,335,1.0,left
466,139,335,335,1.0,center
474,145,320,320,1.0,right
474,145,320,320,1.0,left
474,145,320,320,1.0,left
474,145,320,320,1.0,center
469,140,327,327,1.0,right
477,148,320,320,1.0,right
477,148,320,320,1.0,left
465,139,333,333,1.0,right
465,139,333,333,1.0,left
456,139,342,342,1.0,right
456,139,342,342,1.0,left
456,139,342,342,1.0,center
468,142,329,329,1.0,right
465,140,333,333,1.0,center
466,141,329,329,1.0,right
466,141,329,329,1.0,left
466,141,329,329,1.0,center
471,146,316,316,1.0,right
471,146,316,316,1.0,left
469,143,321,321,1.0,right
469,143,321,321,1.0,left
468,146,315,315,1.0,right
468,146,315,315,1.0,left
463,141,327,327,1.0,right
463,141,327,327,1.0,left
463,141,327,327,1.0,center
466,141,327,327,1.0,center
466,141,327,327,1.0,left
465,140,323,323,1.0,right
465,140,323,323,1.0,left
466,147,315,315,1.0,right
466,147,315,315,1.0,left
466,147,315,315,1.0,left
457,136,341,341,1.0,center
457,136,341,341,1.0,left
457,136,341,341,1.0,center
462,139,333,333,1.0,left
462,139,333,333,1.0,center
462,139,333,333,1.0,left
463,141,326,326,1.0,right
462,140,326,326,1.0,right
462,140,326,326,1.0,center
462,140,326,326,1.0,left
462,135,333,333,1.0,center
462,135,333,333,1.0,left
468,140,320,320,1.0,center
469,142,321,321,1.0,right
469,142,321,321,1.0,left
483,148,302,302,1.0,center
483,148,302,302,1.0,left
475,149,307,307,1.0,right
475,149,307,307,1.0,right
479,144,311,311,1.0,right
470,137,322,322,1.0,right
470,137,322,322,1.0,left
468,132,335,335,1.0,right
468,132,335,335,1.0,left
469,132,340,340,1.0,right
469,132,340,340,1.0,left
469,130,341,341,1.0,right
469,130,341,341,1.0,right
469,130,341,341,1.0,right
469,130,341,341,1.0,left
461,127,351,351,1.0,right
460,126,351,351,1.0,right
468,133,336,336,1.0,center
468,133,336,336,1.0,left
479,140,317,317,1.0,right
479,140,317,317,1.0,left
474,135,327,327,1.0,right
474,135,327,327,1.0,left
474,135,327,327,1.0,center
475,137,323,323,1.0,center
475,137,323,323,1.0,left
480,138,320,320,1.0,center
480,138,320,320,1.0,left
472,138,327,327,1.0,center
472,138,327,327,1.0,left
480,140,315,315,1.0,center
476,139,322,322,1.0,right
471,137,329,329,1.0,right
481,137,320,320,1.0,right
489,142,307,307,1.0,center
489,142,307,307,1.0,left
480,136,319,319,1.0,right
480,136,319,319,1.0,left
480,138,313,313,1.0,right
480,138,313,313,1.0,left
490,144,303,303,1.0,right
490,144,303,303,1.0,center
490,144,303,303,1.0,left
490,141,307,307,1.0,right
490,141,307,307,1.0,left
488,135,315,315,1.0,right
492,141,307,307,1.0,right
492,141,307,307,1.0,left
492,137,310,310,1.0,right
492,137,310,310,1.0,left
492,137,310,310,1.0,center
490,136,317,317,1.0,right
490,136,317,317,1.0,left
491,136,313,313,1.0,right
491,136,313,313,1.0,left
488,137,317,317,1.0,right
488,137,317,317,1.0,left
490,137,311,311,1.0,right
490,137,311,311,1.0,left
492,135,313,313,1.0,right
492,135,313,313,1.0,left
492,137,306,306,1.0,right
492,137,306,306,1.0,left
490,134,313,313,1.0,right
487,128,325,325,1.0,right
496,138,306,306,1.0,right
494,135,309,309,1.0,right
494,135,309,309,1.0,left
496,136,309,309,1.0,right
497,133,312,312,1.0,right
501,135,309,309,1.0,center
501,135,309,309,1.0,left
500,134,313,313,1.0,left
500,134,313,313,1.0,right
510,138,309,309,1.0,center
510,138,309,309,1.0,left
496,124,331,331,1.0,center
496,124,331,331,1.0,left
502,133,316,316,1.0,right
502,129,321,321,1.0,right
513,135,307,307,1.0,right
513,135,307,307,1.0,left
512,135,307,307,1.0,right
512,135,307,307,1.0,left
506,132,316,316,1.0,right
506,132,316,316,1.0,left
506,132,316,316,1.0,center
511,136,306,306,1.0,right
511,136,306,306,1.0,left
509,134,309,309,1.0,right
509,134,309,309,1.0,left
512,137,307,307,1.0,right
512,138,306,306,1.0,center
512,138,306,306,1.0,right
507,134,311,311,1.0,center
510,136,307,307,1.0,right
510,136,307,307,1.0,center
514,140,302,302,1.0,right
514,140,302,302,1.0,left
514,140,303,303,1.0,right
514,140,303,303,1.0,left
514,140,303,303,1.0,right
512,137,306,306,1.0,center
512,137,306,306,1.0,right
512,137,306,306,1.0,left
512,137,306,306,1.0,right
514,141,298,298,1.0,right
511,137,307,307,1.0,center
510,136,306,306,1.0,center
510,141,301,301,1.0,center
506,134,312,312,1.0,center
510,139,301,301,1.0,center
510,140,298,298,1.0,center
510,140,298,298,1.0,right
504,134,307,307,1.0,right
504,134,307,307,1.0,center
506,137,302,302,1.0,right
506,137,302,302,1.0,left
510,139,301,301,1.0,center
510,139,301,301,1.0,left
504,136,307,307,1.0,center
504,136,307,307,1.0,left
503,134,310,310,1.0,right
503,134,310,310,1.0,left
503,134,310,310,1.0,left
500,132,313,313,1.0,right
500,132,313,313,1.0,left
500,132,313,313,1.0,center
500,132,313,313,1.0,center
502,134,309,309,1.0,right
502,134,309,309,1.0,left
500,133,311,311,1.0,right
500,133,311,311,1.0,left
495,130,320,320,1.0,right
495,130,320,320,1.0,left
504,136,306,306,1.0,right
504,136,306,306,1.0,left
498,135,311,311,1.0,right
498,135,311,311,1.0,center
498,133,312,312,1.0,right
494,136,309,309,1.0,right
495,136,307,307,1.0,right
493,134,314,314,1.0,right
493,134,314,314,1.0,left
496,137,307,307,1.0,right
496,137,307,307,1.0,left
490,130,320,320,1.0,right
490,130,320,320,1.0,left
489,129,319,319,1.0,right
496,133,312,312,1.0,right
496,133,312,312,1.0,left
492,134,319,319,1.0,right
492,134,319,319,1.0,left
492,134,319,319,1.0,center
495,135,317,317,1.0,right
495,135,317,317,1.0,left
500,135,312,312,1.0,right
500,135,312,312,1.0,center
507,140,304,304,1.0,center
500,136,318,318,1.0,right
504,135,318,318,1.0,right
505,141,315,315,1.0,right
491,132,348,348,1.0,center
515,157,360,360,1.0,left
521,151,377,377,1.0,left
521,151,377,377,1.0,right
518,155,377,377,1.0,left
522,147,380,380,1.0,left
517,152,380,380,1.0,right
517,152,380,380,1.0,left
511,151,384,384,1.0,right
524,163,362,362,1.0,right
524,163,362,362,1.0,left
509,155,372,372,1.0,right
514,157,372,372,1.0,left
515,157,372,372,1.0,right
515,157,372,372,1.0,left
515,163,361,361,1.0,right
507,156,371,371,1.0,right
507,156,371,371,1.0,left
507,156,371,371,1.0,right
511,159,364,364,1.0,right
511,159,364,364,1.0,left
500,152,377,377,1.0,left
500,152,377,377,1.0,center
506,154,366,366,1.0,left
506,154,366,366,1.0,center
514,162,356,356,1.0,right
514,162,356,356,1.0,left
509,164,353,353,1.0,center
509,164,353,353,1.0,left
499,155,367,367,1.0,right
508,161,353,353,1.0,left
508,161,353,353,1.0,right
495,154,364,364,1.0,right
495,154,364,364,1.0,left
508,169,340,340,1.0,right
502,164,349,349,1.0,right
491,156,356,356,1.0,right
491,156,358,358,1.0,right
491,156,358,358,1.0,left
501,163,345,345,1.0,center
501,163,345,345,1.0,left
499,165,345,345,1.0,left
499,165,345,345,1.0,center
501,165,341,341,1.0,center
501,165,341,341,1.0,left
500,165,342,342,1.0,center
500,165,342,342,1.0,left
495,158,353,353,1.0,center
495,158,353,353,1.0,left
490,159,353,353,1.0,right
490,159,353,353,1.0,left
502,168,331,331,1.0,center
502,168,331,331,1.0,left
490,160,343,343,1.0,left
496,165,331,331,1.0,right
496,165,331,331,1.0,left
499,170,331,331,1.0,right
499,170,331,331,1.0,left
495,167,331,331,1.0,right
498,167,331,331,1.0,center
498,167,331,331,1.0,left
489,162,342,342,1.0,right
489,162,342,342,1.0,left
489,162,342,342,1.0,right
489,162,342,342,1.0,left
498,167,331,331,1.0,right
496,159,331,331,1.0,center
496,159,331,331,1.0,left
496,159,331,331,1.0,left
494,163,331,331,1.0,center
494,163,331,331,1.0,left
491,169,331,331,1.0,center
490,170,331,331,1.0,center
490,170,331,331,1.0,left
490,170,331,331,1.0,right
492,167,331,331,1.0,right
492,167,331,331,1.0,left
490,165,331,331,1.0,right
498,168,331,331,1.0,center
489,158,351,351,1.0,center
489,159,346,346,1.0,right
489,159,346,346,1.0,left
492,160,346,346,1.0,right
492,160,346,346,1.0,left
492,160,346,346,1.0,left
510,168,331,331,1.0,right
510,168,331,331,1.0,center
510,168,331,331,1.0,left
510,168,331,331,1.0,center
502,162,342,342,1.0,right
502,162,342,342,1.0,left
507,162,339,339,1.0,right
480,200,390,390,1.0,left
489,199,390,390,1.0,center
476,193,397,397,1.0,right
476,193,397,397,1.0,left
480,169,435,435,1.0,left
479,169,430,430,1.0,right
479,169,430,430,1.0,left
471,169,430,430,1.0,right
471,169,430,430,1.0,center
501,187,397,397,1.0,right
491,183,405,405,1.0,left
489,179,405,405,1.0,left
504,187,386,386,1.0,right
504,187,386,386,1.0,left
505,184,380,380,1.0,center
505,184,380,380,1.0,right
504,178,371,371,1.0,center
497,158,371,371,1.0,right
506,154,360,360,1.0,right
506,154,360,360,1.0,left
503,147,354,354,1.0,center
494,138,357,357,1.0,center
494,134,348,348,1.0,right
504,136,324,324,1.0,center
492,139,316,316,1.0,center
490,144,306,306,1.0,right
494,147,295,295,1.0,right
480,149,297,297,1.0,right
485,152,291,291,1.0,right
481,153,269,269,1.0,center
475,146,282,282,1.0,center
483,147,280,280,1.0,center
493,142,286,286,1.0,center
499,146,276,276,1.0,right
496,144,279,279,1.0,center
498,141,282,282,1.0,center
496,143,282,282,1.0,right
496,139,282,282,1.0,center
491,140,282,282,1.0,center
490,144,280,280,1.0,center
482,139,287,287,1.0,right
482,139,287,287,1.0,right
471,136,290,290,1.0,right
476,136,285,285,1.0,center
476,136,285,285,1.0,center
470,133,287,287,1.0,right
473,134,285,285,1.0,right
475,134,282,282,1.0,right
474,133,283,283,1.0,right
473,131,287,287,1.0,center
473,131,285,285,1.0,right
473,131,285,285,1.0,left
475,132,282,282,1.0,right
475,130,287,287,1.0,right
473,130,288,288,1.0,right
475,127,293,293,1.0,right
476,130,293,293,1.0,right
476,130,293,293,1.0,center
481,130,290,290,1.0,right
481,132,290,290,1.0,right
479,130,291,291,1.0,right
479,130,291,291,1.0,left
481,134,289,289,1.0,right
481,134,289,289,1.0,center
478,131,295,295,1.0,right
484,137,289,289,1.0,right
478,135,293,293,1.0,right
481,138,288,288,1.0,right
476,141,291,291,1.0,right
473,136,301,301,1.0,right
473,136,301,301,1.0,left
473,138,298,298,1.0,right
473,138,298,298,1.0,left
474,138,296,296,1.0,right
478,138,294,294,1.0,right
480,140,289,289,1.0,right
482,139,287,287,1.0,right
482,139,287,287,1.0,center
479,139,290,290,1.0,center
479,139,290,290,1.0,right
479,135,297,297,1.0,right
483,138,291,291,1.0,right
480,137,295,295,1.0,right
480,137,295,295,1.0,left
482,137,291,291,1.0,right
484,140,286,286,1.0,right
481,137,291,291,1.0,right
481,139,291,291,1.0,right
482,138,291,291,1.0,right
480,142,290,290,1.0,right
480,142,290,290,1.0,left
483,143,288,288,1.0,right
483,142,290,290,1.0,right
481,140,293,293,1.0,right
482,139,295,295,1.0,right
485,144,288,288,1.0,right
482,141,291,291,1.0,right
482,141,291,291,1.0,left
483,139,297,297,1.0,right
483,139,297,297,1.0,left
478,134,300,300,1.0,right
484,142,290,290,1.0,right
481,138,295,295,1.0,right
481,138,295,295,1.0,left
481,136,297,297,1.0,right
481,136,297,297,1.0,left
481,136,299,299,1.0,center
481,136,299,299,1.0,left
482,138,297,297,1.0,center
482,138,297,297,1.0,left
482,138,295,295,1.0,right
482,138,295,295,1.0,left
482,136,297,297,1.0,right
482,136,297,297,1.0,center
482,136,297,297,1.0,left
482,138,293,293,1.0,right
482,138,293,293,1.0,left
482,136,293,293,1.0,right
482,136,293,293,1.0,left
481,137,297,297,1.0,right
481,137,297,297,1.0,center
483,136,301,301,1.0,right
483,136,301,301,1.0,left
481,137,301,301,1.0,right
481,137,301,301,1.0,left
483,138,298,298,1.0,right
483,138,298,298,1.0,left
483,139,293,293,1.0,right
483,139,293,293,1.0,left
485,137,297,297,1.0,right
485,137,297,297,1.0,left
479,133,296,296,1.0,right
479,133,296,296,1.0,left
482,134,300,300,1.0,right
482,134,300,300,1.0,left
485,137,295,295,1.0,right
485,137,295,295,1.0,left
484,134,291,291,1.0,right
484,134,291,291,1.0,left
484,134,291,291,1.0,center
488,137,288,288,1.0,right
488,137,288,288,1.0,left
488,137,288,288,1.0,center
482,131,302,302,1.0,right
482,131,302,302,1.0,left
482,131,302,302,1.0,left
486,135,291,291,1.0,right
486,135,291,291,1.0,left
486,135,291,291,1.0,center
485,132,295,295,1.0,right
485,132,295,295,1.0,left
484,134,296,296,1.0,right
484,134,296,296,1.0,left
484,134,296,296,1.0,right
484,134,296,296,1.0,left
483,134,296,296,1.0,right
483,134,296,296,1.0,left
482,136,293,293,1.0,right
483,138,293,293,1.0,right
480,134,297,297,1.0,right
484,138,291,291,1.0,right
485,139,290,290,1.0,right
484,139,291,291,1.0,right
485,141,287,287,1.0,right
485,141,287,287,1.0,left
482,137,293,293,1.0,right
482,137,293,293,1.0,right
482,137,293,293,1.0,left
480,138,293,293,1.0,right
480,138,293,293,1.0,left
484,138,291,291,1.0,right
484,138,291,291,1.0,left
480,136,297,297,1.0,right
480,136,297,297,1.0,left
483,139,293,293,1.0,right
483,139,293,293,1.0,left
480,136,302,302,1.0,right
480,136,302,302,1.0,left
482,140,295,295,1.0,right
482,140,295,295,1.0,left
482,138,297,297,1.0,right
482,138,297,297,1.0,left
480,141,295,295,1.0,right
480,141,295,295,1.0,left
482,142,293,293,1.0,right
482,140,293,293,1.0,right
480,139,299,299,1.0,right
480,139,299,299,1.0,left
475,135,307,307,1.0,right
475,135,307,307,1.0,left
477,136,304,304,1.0,right
482,140,295,295,1.0,right
478,138,301,301,1.0,right
484,144,291,291,1.0,right
484,144,291,291,1.0,left
484,142,295,295,1.0,right
480,138,298,298,1.0,right
480,138,298,298,1.0,center
483,139,297,297,1.0,center
484,144,290,290,1.0,right
479,140,299,299,1.0,right
482,140,298,298,1.0,right
483,140,296,296,1.0,right
483,140,296,296,1.0,left
485,139,298,298,1.0,right
483,143,295,295,1.0,right
485,141,293,293,1.0,center
485,141,293,293,1.0,right
483,139,296,296,1.0,right
481,137,300,300,1.0,right
485,142,295,295,1.0,right
482,141,298,298,1.0,right
479,138,298,298,1.0,right
483,143,293,293,1.0,right
483,143,293,293,1.0,left
486,143,291,291,1.0,right
486,143,291,291,1.0,left
485,143,293,293,1.0,right
485,143,293,293,1.0,left
488,141,295,295,1.0,right
484,139,298,298,1.0,right
484,139,298,298,1.0,center
484,139,298,298,1.0,left
481,140,298,298,1.0,right
481,140,298,298,1.0,center
483,144,293,293,1.0,right
482,139,297,297,1.0,right
482,139,297,297,1.0,left
482,139,297,297,1.0,left
482,143,293,293,1.0,right
482,140,295,295,1.0,right
482,140,295,295,1.0,left
479,139,297,297,1.0,right
479,139,297,297,1.0,left
477,139,299,299,1.0,right
477,139,299,299,1.0,left
478,139,301,301,1.0,right
478,139,301,301,1.0,left
478,139,301,301,1.0,left
481,142,295,295,1.0,right
483,141,295,295,1.0,right
478,142,298,298,1.0,right
478,142,298,298,1.0,left
477,139,301,301,1.0,right
477,139,301,301,1.0,left
475,137,307,307,1.0,right
475,137,307,307,1.0,center
475,137,307,307,1.0,left
477,138,304,304,1.0,center
477,138,304,304,1.0,left
480,141,298,298,1.0,right
480,141,298,298,1.0,left
481,144,293,293,1.0,right
481,144,293,293,1.0,left
479,144,293,293,1.0,right
476,140,302,302,1.0,right
476,140,302,302,1.0,left
478,140,299,299,1.0,right
476,140,301,301,1.0,right
476,140,301,301,1.0,center
476,140,301,301,1.0,left
479,140,300,300,1.0,right
479,140,300,300,1.0,left
478,139,301,301,1.0,center
476,142,297,297,1.0,right
476,142,297,297,1.0,left
478,144,295,295,1.0,right
478,144,295,295,1.0,center
475,145,296,296,1.0,right
475,145,296,296,1.0,left
478,144,294,294,1.0,right
476,142,294,294,1.0,right
476,142,294,294,1.0,left
477,142,298,298,1.0,right
477,142,298,298,1.0,left
476,144,298,298,1.0,right
476,144,298,298,1.0,left
472,142,302,302,1.0,right
472,142,302,302,1.0,left
474,144,295,295,1.0,right
476,146,291,291,1.0,right
468,146,298,298,1.0,right
468,146,298,298,1.0,left
467,144,296,296,1.0,right
467,144,296,296,1.0,left
469,142,293,293,1.0,right
466,143,293,293,1.0,right
466,143,293,293,1.0,left
469,142,295,295,1.0,right
469,142,295,295,1.0,center
469,142,295,295,1.0,left
467,142,297,297,1.0,right
467,142,297,297,1.0,left
463,138,304,304,1.0,right
462,137,307,307,1.0,right
462,137,307,307,1.0,left
469,140,297,297,1.0,right
470,145,291,291,1.0,right
470,145,291,291,1.0,left
473,142,293,293,1.0,right
473,142,293,293,1.0,left
470,140,295,295,1.0,center
470,140,295,295,1.0,right
466,141,301,301,1.0,center
468,146,295,295,1.0,right
468,146,295,295,1.0,right
467,143,296,296,1.0,right
461,140,306,306,1.0,right
461,140,306,306,1.0,left
461,141,301,301,1.0,center
461,141,301,301,1.0,left
461,141,301,301,1.0,right
468,146,292,292,1.0,right
468,146,292,292,1.0,left
468,146,292,292,1.0,center
467,142,297,297,1.0,right
467,142,297,297,1.0,left
466,146,295,295,1.0,right
466,146,295,295,1.0,left
466,142,299,299,1.0,left
466,142,299,299,1.0,right
460,141,301,301,1.0,right
460,141,301,301,1.0,left
466,142,295,295,1.0,right
466,142,295,295,1.0,left
467,146,293,293,1.0,right
467,146,293,293,1.0,left
468,143,290,290,1.0,right
468,143,290,290,1.0,left
470,143,293,293,1.0,center
467,145,295,295,1.0,right
465,139,300,300,1.0,right
467,141,297,297,1.0,right
465,143,295,295,1.0,right
468,147,293,293,1.0,right
469,153,293,293,1.0,right
474,152,298,298,1.0,right
482,160,290,290,1.0,right
490,167,295,295,1.0,right
492,166,297,297,1.0,right
488,164,308,308,1.0,right
488,164,308,308,1.0,left
489,165,313,313,1.0,right
489,165,313,313,1.0,center
507,178,290,290,1.0,right
507,178,290,290,1.0,center
507,179,291,291,1.0,right
507,179,290,290,1.0,left
507,179,290,290,1.0,right
503,176,297,297,1.0,right
503,176,297,297,1.0,left
503,176,297,297,1.0,center
503,175,300,300,1.0,right
503,175,300,300,1.0,left
504,175,299,299,1.0,right
504,175,299,299,1.0,left
501,173,301,301,1.0,left
501,173,301,301,1.0,right
506,178,297,297,1.0,left
506,178,297,297,1.0,center
506,178,297,297,1.0,center
504,172,301,301,1.0,left
504,172,301,301,1.0,right
504,176,301,301,1.0,right
504,176,301,301,1.0,left
499,172,301,301,1.0,right
499,172,301,301,1.0,left
497,169,307,307,1.0,right
497,169,307,307,1.0,left
497,172,304,304,1.0,left
497,172,304,304,1.0,right
498,174,303,303,1.0,right
498,174,303,303,1.0,left
498,173,302,302,1.0,left
498,173,302,302,1.0,right
491,172,304,304,1.0,right
491,172,304,304,1.0,left
493,172,301,301,1.0,right
493,172,301,301,1.0,left
493,172,301,301,1.0,center
498,175,295,295,1.0,right
492,170,304,304,1.0,right
486,170,306,306,1.0,right
486,170,306,306,1.0,left
486,170,306,306,1.0,center
492,172,301,301,1.0,right
492,172,301,301,1.0,left
492,172,301,301,1.0,center
490,172,301,301,1.0,right
495,170,298,298,1.0,right
495,170,298,298,1.0,left
495,172,296,296,1.0,left
495,172,296,296,1.0,right
495,172,296,296,1.0,center
499,174,291,291,1.0,right
499,174,291,291,1.0,left
503,172,293,293,1.0,right
503,170,298,298,1.0,center
503,170,298,298,1.0,left
508,174,293,293,1.0,center
508,174,293,293,1.0,left
508,174,293,293,1.0,center
504,172,298,298,1.0,right
504,172,298,298,1.0,center
504,172,298,298,1.0,right
508,173,295,295,1.0,right
506,173,296,296,1.0,right
507,173,298,298,1.0,right
507,173,298,298,1.0,left
507,178,293,293,1.0,right
507,178,293,293,1.0,left
507,173,299,299,1.0,right
507,172,298,298,1.0,right
507,172,298,298,1.0,left
510,172,300,300,1.0,left
510,172,300,300,1.0,right
507,170,309,309,1.0,right
507,170,309,309,1.0,right
511,172,303,303,1.0,right
513,169,303,303,1.0,right
520,174,293,293,1.0,right
520,174,293,293,1.0,left
514,168,306,306,1.0,right
514,167,307,307,1.0,right
514,167,307,307,1.0,left
513,167,307,307,1.0,right
513,167,307,307,1.0,left
512,167,310,310,1.0,right
512,167,310,310,1.0,left
520,171,302,302,1.0,right
520,171,302,302,1.0,left
519,169,302,302,1.0,right
519,169,302,302,1.0,left
519,169,302,302,1.0,center
519,169,302,302,1.0,center
521,172,298,298,1.0,right
521,172,298,298,1.0,left
522,172,303,303,1.0,right
522,172,303,303,1.0,left
525,170,306,306,1.0,right
525,170,306,306,1.0,left
525,170,306,306,1.0,left
519,172,303,303,1.0,right
519,172,303,303,1.0,left
516,170,309,309,1.0,right
516,170,309,309,1.0,left
520,173,298,298,1.0,right
520,173,298,298,1.0,left
521,175,293,293,1.0,right
521,175,293,293,1.0,left
517,173,302,302,1.0,right
517,173,302,302,1.0,left
516,173,298,298,1.0,right
516,173,298,298,1.0,left
518,174,298,298,1.0,right
518,174,298,298,1.0,left
515,169,303,303,1.0,left
515,169,303,303,1.0,right
523,177,293,293,1.0,right
523,177,293,293,1.0,left
514,167,307,307,1.0,right
514,167,307,307,1.0,left
515,170,303,303,1.0,right
515,170,303,303,1.0,left
510,168,309,309,1.0,left
510,168,309,309,1.0,right
519,169,302,302,1.0,right
519,169,302,302,1.0,left
521,167,301,301,1.0,right
521,167,301,301,1.0,left
520,168,302,302,1.0,right
520,168,302,302,1.0,left
520,168,301,301,1.0,right
520,168,301,301,1.0,left
520,168,301,301,1.0,center
522,172,299,299,1.0,right
522,172,299,299,1.0,left
522,172,299,299,1.0,left
518,168,304,304,1.0,center
518,168,304,304,1.0,left
519,169,301,301,1.0,right
519,169,301,301,1.0,left
520,168,301,301,1.0,right
520,168,301,301,1.0,left
518,167,306,306,1.0,right
518,167,306,306,1.0,left
517,166,306,306,1.0,right
517,166,306,306,1.0,left
518,170,300,300,1.0,right
518,170,300,300,1.0,left
525,175,291,291,1.0,right
525,175,291,291,1.0,left
523,173,296,296,1.0,right
523,173,296,296,1.0,left
518,173,302,302,1.0,right
518,173,302,302,1.0,left
515,169,307,307,1.0,right
515,169,307,307,1.0,left
523,173,306,306,1.0,right
523,173,306,306,1.0,left
525,170,308,308,1.0,left
525,170,308,308,1.0,right
527,171,317,317,1.0,right
534,169,314,314,1.0,left
534,169,314,314,1.0,right
550,173,307,307,1.0,right
556,168,318,318,1.0,right
556,168,318,318,1.0,left
553,156,350,350,1.0,center
553,156,350,350,1.0,left
571,158,340,340,1.0,right
563,150,371,371,1.0,right
572,148,375,375,1.0,right
572,148,375,375,1.0,left
592,151,372,372,1.0,right
597,151,373,373,1.0,right
597,151,373,373,1.0,left
597,151,373,373,1.0,center
599,148,384,384,1.0,right
593,153,388,388,1.0,right
606,154,392,392,1.0,left
597,151,416,416,1.0,right
602,146,439,439,1.0,center
610,152,432,432,1.0,left
610,152,432,432,1.0,right
626,168,415,415,1.0,right
624,161,426,426,1.0,left
621,156,434,434,1.0,left
615,155,441,441,1.0,left
615,155,441,441,1.0,right
608,146,460,460,1.0,left
608,146,460,460,1.0,right
620,159,434,434,1.0,left
614,154,449,449,1.0,left
614,154,449,449,1.0,left
614,154,449,449,1.0,right
622,164,434,434,1.0,right
622,164,434,434,1.0,left
622,164,434,434,1.0,left
617,167,432,432,1.0,left
617,164,433,433,1.0,left
606,169,422,422,1.0,center
606,169,422,422,1.0,right
606,178,383,383,1.0,right
599,176,380,380,1.0,right
599,176,380,380,1.0,left
578,167,376,376,1.0,right
575,169,364,364,1.0,right
522,164,362,362,1.0,right
503,158,371,371,1.0,right
499,161,368,368,1.0,right
494,163,366,366,1.0,right
496,161,366,366,1.0,center
502,173,346,346,1.0,center
475,166,361,361,1.0,right
469,168,347,347,1.0,right
465,175,340,340,1.0,center
468,178,340,340,1.0,center
462,172,339,339,1.0,right
462,172,339,339,1.0,left
451,166,352,352,1.0,right
452,166,351,351,1.0,left
452,166,351,351,1.0,right
462,172,339,339,1.0,right
457,175,341,341,1.0,right
457,175,341,341,1.0,right
457,175,341,341,1.0,left
451,166,346,346,1.0,left
455,170,334,334,1.0,right
455,170,334,334,1.0,left
453,168,340,340,1.0,left
453,168,340,340,1.0,center
458,176,333,333,1.0,right
458,176,333,333,1.0,left
460,177,326,326,1.0,right
460,177,326,326,1.0,left
453,174,333,333,1.0,right
453,174,333,333,1.0,left
449,170,336,336,1.0,right
449,170,336,336,1.0,left
449,170,336,336,1.0,left
449,167,342,342,1.0,right
449,167,342,342,1.0,left
448,164,341,341,1.0,right
448,164,341,341,1.0,left
448,164,341,341,1.0,left
440,160,351,351,1.0,right
440,160,351,351,1.0,left
446,163,341,341,1.0,right
446,163,341,341,1.0,center
446,163,341,341,1.0,left
435,161,348,348,1.0,right
435,161,348,348,1.0,left
435,158,356,356,1.0,right
424,159,361,361,1.0,right
427,162,354,354,1.0,center
431,177,342,342,1.0,right
409,158,368,368,1.0,center
405,161,368,368,1.0,center
403,163,367,367,1.0,right
405,161,364,364,1.0,right
405,161,364,364,1.0,left
406,162,364,364,1.0,center
406,162,364,364,1.0,center
409,161,366,366,1.0,center
409,161,366,366,1.0,left
408,161,369,369,1.0,left
408,161,369,369,1.0,center
410,161,364,364,1.0,right
410,161,364,364,1.0,left
410,164,361,361,1.0,right
410,164,361,361,1.0,left
411,163,359,359,1.0,center
411,163,359,359,1.0,left
413,165,357,357,1.0,center
413,165,357,357,1.0,left
408,162,361,361,1.0,center
408,162,361,361,1.0,left
413,165,357,357,1.0,right
413,165,357,357,1.0,center
413,165,357,357,1.0,left
409,163,361,361,1.0,right
409,163,361,361,1.0,left
411,164,364,364,1.0,center
411,164,364,364,1.0,left
411,164,364,364,1.0,right
414,167,359,359,1.0,center
414,167,359,359,1.0,left
416,166,357,357,1.0,center
416,166,357,357,1.0,left
416,170,354,354,1.0,center
418,169,348,348,1.0,right
418,169,348,348,1.0,left
418,169,348,348,1.0,right
418,169,348,348,1.0,right
418,169,348,348,1.0,left
418,169,348,348,1.0,right
414,165,356,356,1.0,right
414,165,356,356,1.0,right
414,165,356,356,1.0,left
414,170,353,353,1.0,left
414,170,353,353,1.0,right
417,172,353,353,1.0,right
417,172,353,353,1.0,left
442,183,333,333,1.0,center
434,174,348,348,1.0,center
440,175,349,349,1.0,left
440,175,349,349,1.0,center
453,181,331,331,1.0,right
452,182,331,331,1.0,right
453,177,333,333,1.0,left
458,184,323,323,1.0,right
458,184,323,323,1.0,left
458,184,323,323,1.0,right
462,186,326,326,1.0,right
462,186,326,326,1.0,left
462,186,326,326,1.0,left
457,182,334,334,1.0,center
457,182,334,334,1.0,left
464,187,323,323,1.0,right
464,187,323,323,1.0,left
464,187,323,323,1.0,left
457,183,331,331,1.0,left
455,186,331,331,1.0,center
455,186,331,331,1.0,left
453,182,331,331,1.0,center
453,182,331,331,1.0,left
445,185,331,331,1.0,right
455,192,314,314,1.0,right
455,192,314,314,1.0,left
451,186,323,323,1.0,right
451,186,323,323,1.0,left
448,192,314,314,1.0,right
448,192,314,314,1.0,left
449,193,322,322,1.0,center
449,193,322,322,1.0,left
440,188,323,323,1.0,left
440,188,323,323,1.0,right
440,188,323,323,1.0,left
431,176,342,342,1.0,left
431,176,342,342,1.0,right
438,182,331,331,1.0,right
438,182,331,331,1.0,left
438,182,331,331,1.0,center
446,187,322,322,1.0,right
446,187,322,322,1.0,left
437,178,333,333,1.0,center
437,178,333,333,1.0,left
437,178,333,333,1.0,left
441,186,331,331,1.0,center
441,186,331,331,1.0,left
434,183,342,342,1.0,center
434,183,342,342,1.0,left
438,187,331,331,1.0,center
438,187,331,331,1.0,left
438,187,331,331,1.0,right
439,192,326,326,1.0,right
439,192,326,326,1.0,left
439,192,326,326,1.0,left
434,186,340,340,1.0,center
434,186,340,340,1.0,left
433,194,331,331,1.0,right
433,194,331,331,1.0,center
433,194,331,331,1.0,left
428,188,349,349,1.0,center
428,188,349,349,1.0,left
411,176,367,367,1.0,left
418,180,364,364,1.0,center
414,176,364,364,1.0,right
417,184,361,361,1.0,right
417,184,361,361,1.0,left
422,187,353,353,1.0,right
422,187,353,353,1.0,left
419,181,364,364,1.0,left
415,178,368,368,1.0,right
415,178,368,368,1.0,left
415,178,368,368,1.0,center
430,190,353,353,1.0,left
430,190,353,353,1.0,center
432,188,353,353,1.0,left
432,188,353,353,1.0,center
432,188,353,353,1.0,right
432,188,353,353,1.0,center
432,188,353,353,1.0,left
432,188,353,353,1.0,center
428,185,361,361,1.0,center
428,185,361,361,1.0,left
432,188,353,353,1.0,center
432,188,353,353,1.0,left
423,186,356,356,1.0,center
419,190,353,353,1.0,right
419,190,358,358,1.0,center
414,188,356,356,1.0,right
409,186,367,367,1.0,left
409,186,367,367,1.0,right
412,184,364,364,1.0,center
419,198,345,345,1.0,right
417,201,346,346,1.0,right
414,196,356,356,1.0,left
414,196,356,356,1.0,center
414,196,356,356,1.0,right
414,196,356,356,1.0,left
415,196,345,345,1.0,right
415,196,345,345,1.0,left
415,196,345,345,1.0,right
417,200,343,343,1.0,right
417,200,343,343,1.0,left
410,196,359,359,1.0,right
410,196,359,359,1.0,left
410,196,359,359,1.0,left
407,200,356,356,1.0,right
407,200,356,356,1.0,left
407,200,356,356,1.0,left
418,195,348,348,1.0,left
418,195,348,348,1.0,center
419,198,345,345,1.0,right
419,198,345,345,1.0,left
415,199,351,351,1.0,center
414,196,356,356,1.0,center
414,196,356,356,1.0,left
417,197,353,353,1.0,center
417,197,353,353,1.0,left
409,194,356,356,1.0,right
409,194,356,356,1.0,left
426,203,343,343,1.0,center
426,203,343,343,1.0,left
426,203,343,343,1.0,right
419,198,345,345,1.0,center
419,198,345,345,1.0,right
419,198,345,345,1.0,left
424,201,331,331,1.0,right
411,193,359,359,1.0,right
424,196,348,348,1.0,right
432,192,349,349,1.0,center
438,189,361,361,1.0,center
457,203,331,331,1.0,center
457,203,331,331,1.0,left
462,196,343,343,1.0,left
462,196,343,343,1.0,center
462,198,341,341,1.0,left
469,201,331,331,1.0,right
469,201,331,331,1.0,left
474,203,331,331,1.0,center
475,201,331,331,1.0,left
483,200,331,331,1.0,right
483,200,331,331,1.0,left
481,192,342,342,1.0,left
486,199,342,342,1.0,left
488,200,341,341,1.0,right
505,202,331,331,1.0,right
496,191,361,361,1.0,center
501,190,364,364,1.0,center
505,188,366,366,1.0,center
507,186,381,381,1.0,left
510,186,380,380,1.0,left
510,186,380,380,1.0,center
514,188,384,384,1.0,right
528,194,366,366,1.0,center
528,194,366,366,1.0,center
530,191,380,380,1.0,left
530,191,380,380,1.0,center
536,199,370,370,1.0,left
524,189,392,392,1.0,left
524,189,392,392,1.0,right
524,189,392,392,1.0,center
529,191,386,386,1.0,left
529,191,386,386,1.0,right
541,196,369,369,1.0,right
541,196,369,369,1.0,left
533,187,389,389,1.0,left
533,187,389,389,1.0,right
528,173,400,400,1.0,right
528,173,400,400,1.0,left
539,174,384,384,1.0,right
539,174,384,384,1.0,left
542,178,371,371,1.0,right
542,178,371,371,1.0,left
535,176,370,370,1.0,right
535,176,370,370,1.0,left
530,162,375,375,1.0,right
530,162,375,375,1.0,left
535,171,362,362,1.0,left
535,171,362,362,1.0,center
517,159,366,366,1.0,right
515,161,360,360,1.0,left
515,161,360,360,1.0,center
510,158,358,358,1.0,right
510,158,358,358,1.0,left
511,158,357,357,1.0,right
511,158,357,357,1.0,left
515,165,347,347,1.0,right
515,165,347,347,1.0,left
510,165,343,343,1.0,left
510,165,343,343,1.0,right
510,162,339,339,1.0,right
510,162,339,339,1.0,left
505,158,343,343,1.0,left
505,158,343,343,1.0,right
505,156,345,345,1.0,right
505,156,345,345,1.0,left
510,159,339,339,1.0,right
510,159,339,339,1.0,left
511,157,339,339,1.0,right
511,157,339,339,1.0,left
521,164,319,319,1.0,right
521,164,319,319,1.0,left
524,168,314,314,1.0,right
524,168,314,314,1.0,left
525,166,311,311,1.0,right
525,166,311,311,1.0,left
525,166,311,311,1.0,center
526,164,311,311,1.0,right
526,164,311,311,1.0,left
526,166,307,307,1.0,right
526,166,307,307,1.0,left
523,158,316,316,1.0,right
523,158,316,316,1.0,left
523,157,313,313,1.0,right
523,157,313,313,1.0,left
516,157,316,316,1.0,right
516,157,316,316,1.0,center
516,157,316,316,1.0,left
514,156,320,320,1.0,right
514,156,320,320,1.0,left
517,161,310,310,1.0,left
517,161,310,310,1.0,right
517,161,310,310,1.0,right
517,161,310,310,1.0,left
511,158,318,318,1.0,right
510,157,315,315,1.0,right
510,162,310,310,1.0,left
510,162,310,310,1.0,right
494,157,320,320,1.0,right
496,154,326,326,1.0,center
488,156,324,324,1.0,right
478,154,331,331,1.0,right
486,157,324,324,1.0,right
472,151,340,340,1.0,right
474,157,327,327,1.0,right
485,164,313,313,1.0,right
485,161,315,315,1.0,center
486,160,317,317,1.0,center
480,151,334,334,1.0,right
492,161,319,319,1.0,right
493,154,326,326,1.0,right
493,154,326,326,1.0,center
500,156,320,320,1.0,right
513,160,313,313,1.0,right
515,161,310,310,1.0,right
515,161,310,310,1.0,center
512,159,318,318,1.0,center
512,159,318,318,1.0,right
517,166,306,306,1.0,right
517,166,306,306,1.0,left
509,158,322,322,1.0,right
500,153,329,329,1.0,right
516,164,309,309,1.0,right
500,155,333,333,1.0,right
506,163,319,319,1.0,right
503,162,320,320,1.0,right
503,162,320,320,1.0,center
494,157,331,331,1.0,right
494,157,331,331,1.0,center
502,161,326,326,1.0,right
502,161,326,326,1.0,left
503,157,331,331,1.0,center
503,157,331,331,1.0,left
503,163,325,325,1.0,right
506,166,324,324,1.0,center
511,170,313,313,1.0,center
501,164,325,325,1.0,center
501,164,325,325,1.0,left
501,166,325,325,1.0,right
488,160,339,339,1.0,right
503,170,313,313,1.0,right
502,172,310,310,1.0,right
493,161,324,324,1.0,right
499,168,311,311,1.0,right
499,168,311,311,1.0,left
499,168,311,311,1.0,center
489,167,319,319,1.0,right
489,167,319,319,1.0,left
493,167,318,318,1.0,right
474,160,339,339,1.0,right
484,164,329,329,1.0,right
469,157,345,345,1.0,right
469,157,345,345,1.0,left
483,166,327,327,1.0,right
483,166,327,327,1.0,left
486,163,323,323,1.0,right
486,163,323,323,1.0,left
493,166,318,318,1.0,right
491,156,333,333,1.0,right
491,156,333,333,1.0,left
500,155,331,331,1.0,right
500,155,331,331,1.0,left
503,155,331,331,1.0,right
503,155,331,331,1.0,left
512,160,315,315,1.0,right
512,160,315,315,1.0,left
518,161,309,309,1.0,right
518,161,309,309,1.0,center
518,161,309,309,1.0,left
514,159,317,317,1.0,left
514,159,317,317,1.0,right
514,159,317,317,1.0,right
514,159,317,317,1.0,left
503,152,331,331,1.0,right
503,152,331,331,1.0,left
510,157,321,321,1.0,right
510,157,321,321,1.0,left
510,157,321,321,1.0,center
514,158,320,320,1.0,right
514,158,320,320,1.0,left
510,157,321,321,1.0,right
510,157,321,321,1.0,left
520,163,311,311,1.0,right
520,163,311,311,1.0,left
515,158,320,320,1.0,center
515,158,320,320,1.0,left
516,161,313,313,1.0,left
516,161,313,313,1.0,right
511,158,319,319,1.0,right
511,158,319,319,1.0,left
507,160,323,323,1.0,right
507,160,323,323,1.0,left
512,164,315,315,1.0,right
512,164,315,315,1.0,left
505,162,319,319,1.0,center
508,167,309,309,1.0,right
496,159,325,325,1.0,right
496,159,325,325,1.0,left
503,170,315,315,1.0,right
503,170,315,315,1.0,left
504,174,309,309,1.0,right
504,174,309,309,1.0,center
499,168,313,313,1.0,right
499,168,313,313,1.0,center
495,166,323,323,1.0,right
495,166,323,323,1.0,center
492,166,327,327,1.0,right
492,166,327,327,1.0,center
492,166,327,327,1.0,left
483,159,340,340,1.0,right
483,159,340,340,1.0,center
492,165,327,327,1.0,right
485,160,340,340,1.0,right
485,160,340,340,1.0,left
485,160,340,340,1.0,center
485,164,333,333,1.0,right
487,166,327,327,1.0,right
487,166,327,327,1.0,left
482,163,339,339,1.0,right
482,163,339,339,1.0,left
491,168,327,327,1.0,right
491,168,327,327,1.0,left
482,164,333,333,1.0,left
482,164,333,333,1.0,right
489,167,327,327,1.0,right
489,167,327,327,1.0,left
488,166,324,324,1.0,right
488,166,324,324,1.0,left
491,164,331,331,1.0,center
491,164,331,331,1.0,left
501,169,312,312,1.0,right
501,153,331,331,1.0,center
516,159,312,312,1.0,right
523,153,320,320,1.0,right
555,155,301,301,1.0,right
567,155,303,303,1.0,right
578,158,300,300,1.0,center
585,160,297,297,1.0,right
595,155,299,299,1.0,right
590,151,306,306,1.0,right
595,157,298,298,1.0,right
596,155,302,302,1.0,right
586,154,303,303,1.0,center
586,154,303,303,1.0,right
583,159,303,303,1.0,right
581,158,298,298,1.0,right
569,162,295,295,1.0,right
565,165,291,291,1.0,right
534,161,305,305,1.0,center
528,167,298,298,1.0,right
521,171,286,286,1.0,right
490,170,297,297,1.0,right
483,178,293,293,1.0,right
475,172,300,300,1.0,right
474,169,304,304,1.0,right
474,169,304,304,1.0,left
480,176,293,293,1.0,right
475,171,301,301,1.0,right
475,171,301,301,1.0,center
472,171,298,298,1.0,right
474,171,298,298,1.0,center
474,171,298,298,1.0,left
478,176,293,293,1.0,right
474,174,296,296,1.0,right
474,174,296,296,1.0,left
474,175,298,298,1.0,right
477,176,295,295,1.0,right
477,176,295,295,1.0,left
476,174,293,293,1.0,center
476,174,293,293,1.0,left
475,176,290,290,1.0,right
475,176,290,290,1.0,left
469,173,301,301,1.0,right
478,176,293,293,1.0,right
479,174,295,295,1.0,right
479,174,295,295,1.0,left
478,175,291,291,1.0,right
478,175,291,291,1.0,left
474,173,298,298,1.0,right
474,173,298,298,1.0,left
472,171,297,297,1.0,right
472,171,297,297,1.0,left
467,171,307,307,1.0,center
467,171,307,307,1.0,left
466,169,307,307,1.0,center
466,169,307,307,1.0,left
476,177,293,293,1.0,center
473,174,297,297,1.0,right
473,174,297,297,1.0,center
467,170,307,307,1.0,center
467,170,307,307,1.0,left
468,172,303,303,1.0,right
468,172,303,303,1.0,left
476,175,296,296,1.0,right
476,175,296,296,1.0,left
473,173,300,300,1.0,right
473,173,300,300,1.0,left
469,174,302,302,1.0,right
469,171,304,304,1.0,right
469,171,304,304,1.0,left
478,177,291,291,1.0,right
478,177,291,291,1.0,left
470,176,297,297,1.0,right
470,176,297,297,1.0,left
470,173,302,302,1.0,right
470,173,302,302,1.0,left
471,175,298,298,1.0,right
471,175,298,298,1.0,left
477,179,295,295,1.0,right
465,169,317,317,1.0,right
465,169,317,317,1.0,left
460,168,321,321,1.0,right
460,168,321,321,1.0,left
460,168,321,321,1.0,center
463,169,317,317,1.0,right
463,169,317,317,1.0,left
464,165,324,324,1.0,center
470,165,324,324,1.0,center
487,161,331,331,1.0,center
490,164,331,331,1.0,right
500,166,339,339,1.0,right
498,153,366,366,1.0,right
498,153,366,366,1.0,center
510,154,366,366,1.0,right
507,149,371,371,1.0,right
507,149,371,371,1.0,left
517,161,359,359,1.0,right
517,161,359,359,1.0,left
516,152,368,368,1.0,right
516,152,368,368,1.0,left
514,156,375,375,1.0,right
514,156,375,375,1.0,left
510,155,376,376,1.0,right
510,155,376,376,1.0,left
519,161,362,362,1.0,right
519,161,362,362,1.0,left
519,161,362,362,1.0,right
525,165,352,352,1.0,center
525,165,352,352,1.0,left
511,155,369,369,1.0,right
511,155,369,369,1.0,left
511,155,369,369,1.0,center
514,157,366,366,1.0,left
514,157,366,366,1.0,right
497,146,383,383,1.0,right
497,149,383,383,1.0,right
506,152,373,373,1.0,right
506,152,373,373,1.0,left
504,155,371,371,1.0,right
504,155,371,371,1.0,left
499,157,375,375,1.0,left
499,157,375,375,1.0,right
504,162,366,366,1.0,right
504,162,366,366,1.0,left
500,158,370,370,1.0,right
500,158,370,370,1.0,left
500,159,366,366,1.0,right
500,159,366,366,1.0,left
503,162,364,364,1.0,right
503,162,364,364,1.0,left
509,166,352,352,1.0,right
509,166,352,352,1.0,left
505,164,352,352,1.0,left
505,164,352,352,1.0,right
507,167,346,346,1.0,right
507,167,346,346,1.0,left
506,164,354,354,1.0,right
506,164,354,354,1.0,left
496,156,368,368,1.0,right
496,156,368,368,1.0,left
500,159,364,364,1.0,left
500,159,364,364,1.0,right
493,158,364,364,1.0,left
493,158,364,364,1.0,right
495,162,364,364,1.0,left
495,162,364,364,1.0,right
505,168,349,349,1.0,left
508,166,351,351,1.0,left
508,166,351,351,1.0,right
494,156,371,371,1.0,left
494,156,371,371,1.0,right
509,166,356,356,1.0,center
509,166,356,356,1.0,left
500,164,361,361,1.0,right
500,164,361,361,1.0,left
500,164,356,356,1.0,right
500,164,356,356,1.0,left
495,161,368,368,1.0,right
495,161,368,368,1.0,left
497,162,369,369,1.0,right
497,162,369,369,1.0,left
500,162,364,364,1.0,right
500,162,364,364,1.0,left
487,152,380,380,1.0,right
487,151,377,377,1.0,right
487,151,377,377,1.0,left
486,151,378,378,1.0,right
486,151,378,378,1.0,left
494,158,366,366,1.0,left
494,158,366,366,1.0,right
492,152,374,374,1.0,left
492,152,374,374,1.0,right
501,154,366,366,1.0,left
501,154,366,366,1.0,right
503,161,352,352,1.0,left
503,161,352,352,1.0,right
496,158,357,357,1.0,left
496,158,357,357,1.0,right
505,156,352,352,1.0,right
505,156,352,352,1.0,left
500,154,352,352,1.0,right
501,153,351,351,1.0,center
501,153,351,351,1.0,left
490,145,357,357,1.0,left
495,143,346,346,1.0,right
506,148,331,331,1.0,left
506,148,331,331,1.0,right
512,150,313,313,1.0,right
512,150,313,313,1.0,center
509,143,313,313,1.0,right
509,143,313,313,1.0,center
518,146,297,297,1.0,right
506,135,307,307,1.0,right
516,136,297,297,1.0,right
511,134,299,299,1.0,right
517,139,284,284,1.0,center
517,139,284,284,1.0,right
517,139,284,284,1.0,left
512,135,289,289,1.0,right
512,133,291,291,1.0,center
509,138,283,283,1.0,right
504,136,288,288,1.0,right
509,144,271,271,1.0,center
502,140,280,280,1.0,center
492,136,283,283,1.0,right
493,135,284,284,1.0,center
488,137,282,282,1.0,right
488,137,282,282,1.0,left
484,135,286,286,1.0,right
487,136,283,283,1.0,right
478,136,285,285,1.0,right
475,132,291,291,1.0,right
475,132,291,291,1.0,left
481,137,283,283,1.0,center
481,137,283,283,1.0,right
481,137,283,283,1.0,left
481,137,285,285,1.0,right
485,140,279,279,1.0,right
483,138,283,283,1.0,right
486,140,280,280,1.0,right
486,140,280,280,1.0,center
490,144,272,272,1.0,right
487,139,282,282,1.0,right
487,139,282,282,1.0,center
487,139,283,283,1.0,right
484,137,284,284,1.0,right
484,137,284,284,1.0,center
484,138,285,285,1.0,right
490,141,281,281,1.0,right
490,141,281,281,1.0,left
490,141,281,281,1.0,left
484,134,287,287,1.0,right
484,134,287,287,1.0,center
487,139,288,288,1.0,right
487,139,288,288,1.0,left
484,140,287,287,1.0,right
484,140,287,287,1.0,left
486,138,286,286,1.0,right
486,140,284,284,1.0,right
485,141,284,284,1.0,right
482,141,288,288,1.0,right
482,141,288,288,1.0,left
484,146,282,282,1.0,right
484,143,283,283,1.0,right
481,142,291,291,1.0,right
485,146,284,284,1.0,right
485,146,284,284,1.0,center
486,146,281,281,1.0,center
486,146,281,281,1.0,right
488,145,284,284,1.0,center
488,145,284,284,1.0,center
484,146,285,285,1.0,right
484,146,285,285,1.0,center
485,147,285,285,1.0,right
487,145,285,285,1.0,right
487,145,285,285,1.0,center
489,146,285,285,1.0,center
489,146,285,285,1.0,right
490,147,282,282,1.0,right
491,144,287,287,1.0,right
491,147,286,286,1.0,right
491,147,286,286,1.0,center
491,145,288,288,1.0,right
492,143,289,289,1.0,center
492,143,289,289,1.0,right
487,143,288,288,1.0,right
485,141,293,293,1.0,left
485,141,293,293,1.0,right
493,145,287,287,1.0,center
488,146,285,285,1.0,right
485,144,288,288,1.0,right
485,146,285,285,1.0,right
485,146,285,285,1.0,right
487,146,283,283,1.0,right
485,144,287,287,1.0,right
485,145,288,288,1.0,right
485,144,290,290,1.0,right
488,144,286,286,1.0,right
490,144,283,283,1.0,right
490,144,283,283,1.0,left
490,144,283,283,1.0,right
490,146,283,283,1.0,right
487,145,285,285,1.0,right
492,147,279,279,1.0,right
492,147,279,279,1.0,left
490,145,281,281,1.0,right
490,145,281,281,1.0,left
491,146,281,281,1.0,right
491,146,281,281,1.0,left
492,144,286,286,1.0,right
493,145,284,284,1.0,right
493,145,284,284,1.0,left
491,143,288,288,1.0,right
491,143,288,288,1.0,left
499,145,279,279,1.0,right
499,145,279,279,1.0,right
505,147,276,276,1.0,right
509,145,276,276,1.0,right
509,146,275,275,1.0,right
512,148,272,272,1.0,right
512,148,272,272,1.0,left
510,140,279,279,1.0,right
510,140,279,279,1.0,center
514,144,274,274,1.0,right
514,144,274,274,1.0,left
528,144,269,269,1.0,right
469,138,320,320,1.0,center
461,137,320,320,1.0,center
465,146,299,299,1.0,center
465,146,299,299,1.0,left
473,150,296,296,1.0,center
473,150,296,296,1.0,left
474,148,295,295,1.0,center
474,148,295,295,1.0,left
471,145,306,306,1.0,right
486,151,295,295,1.0,center
487,152,299,299,1.0,right
487,152,299,299,1.0,left
499,153,295,295,1.0,center
499,153,295,295,1.0,left
499,153,295,295,1.0,center
505,154,288,288,1.0,right
502,154,291,291,1.0,right
502,154,291,291,1.0,center
501,154,290,290,1.0,right
501,154,290,290,1.0,center
500,151,295,295,1.0,right
500,151,295,295,1.0,left
499,150,293,293,1.0,left
499,150,293,293,1.0,right
494,147,304,304,1.0,center
494,147,304,304,1.0,center
497,152,289,289,1.0,right
494,151,286,286,1.0,right
488,148,293,293,1.0,right
487,148,291,291,1.0,center
488,151,289,289,1.0,center
485,152,285,285,1.0,right
480,150,285,285,1.0,right
479,156,287,287,1.0,right
479,156,287,287,1.0,center
476,153,291,291,1.0,right
474,163,288,288,1.0,center
470,166,289,289,1.0,center
461,167,301,301,1.0,center
461,167,301,301,1.0,center
466,173,296,296,1.0,center
463,185,293,293,1.0,center
468,207,288,288,1.0,center
449,207,318,318,1.0,center
493,223,268,268,1.0,center
483,213,288,288,1.0,center
483,213,288,288,1.0,left
479,201,296,296,1.0,right
490,203,290,290,1.0,center
482,194,299,299,1.0,right
491,200,284,284,1.0,right
492,202,278,278,1.0,center
487,197,280,280,1.0,left
487,197,280,280,1.0,right
483,188,297,297,1.0,center
483,188,297,297,1.0,left
483,198,280,280,1.0,right
483,196,284,284,1.0,right
483,196,284,284,1.0,left
489,199,277,277,1.0,right
489,199,277,277,1.0,left
483,192,293,293,1.0,center
490,198,284,284,1.0,center
487,194,290,290,1.0,right
494,201,280,280,1.0,center
494,201,280,280,1.0,left
489,189,293,293,1.0,right
489,189,293,293,1.0,left
498,197,280,280,1.0,right
504,197,278,278,1.0,right
504,197,278,278,1.0,left
498,185,290,290,1.0,right
484,177,302,302,1.0,right
491,177,299,299,1.0,center
483,173,306,306,1.0,right
489,171,306,306,1.0,center
489,171,306,306,1.0,center
493,165,306,306,1.0,right
499,162,306,306,1.0,right
502,160,304,304,1.0,right
502,160,304,304,1.0,left
502,148,318,318,1.0,right
502,148,318,318,1.0,center
493,142,325,325,1.0,right
493,142,325,325,1.0,left
495,132,339,339,1.0,right
495,132,339,339,1.0,left
511,141,313,313,1.0,right
514,128,331,331,1.0,right
517,115,346,346,1.0,center
513,103,372,372,1.0,right
530,104,365,365,1.0,right
532,92,385,385,1.0,right
540,93,383,383,1.0,right
542,90,388,388,1.0,right
546,91,385,385,1.0,right
557,96,376,376,1.0,right
559,93,383,383,1.0,right
559,93,383,383,1.0,right
559,93,383,383,1.0,left
557,93,388,388,1.0,right
551,95,383,383,1.0,right
551,95,383,383,1.0,left
552,95,380,380,1.0,right
544,93,386,386,1.0,right
544,93,386,386,1.0,left
552,100,372,372,1.0,right
546,97,370,370,1.0,right
538,96,380,380,1.0,right
538,96,376,376,1.0,right
541,98,376,376,1.0,right
541,98,376,376,1.0,left
537,99,372,372,1.0,right
537,99,372,372,1.0,left
534,97,373,373,1.0,right
534,97,373,373,1.0,left
529,94,380,380,1.0,right
529,94,380,380,1.0,left
529,94,380,380,1.0,left
537,99,367,367,1.0,right
537,99,367,367,1.0,left
537,99,367,367,1.0,right
537,99,367,367,1.0,left
537,99,367,367,1.0,center
543,106,354,354,1.0,right
543,106,354,354,1.0,left
533,100,366,366,1.0,right
533,100,366,366,1.0,left
525,93,383,383,1.0,right
525,93,383,383,1.0,left
525,93,383,383,1.0,center
526,93,380,380,1.0,right
526,93,380,380,1.0,left
526,93,380,380,1.0,left
518,88,383,383,1.0,right
518,88,383,383,1.0,left
525,95,376,376,1.0,right
525,95,376,376,1.0,left
525,95,376,376,1.0,center
524,94,376,376,1.0,right
524,94,376,376,1.0,center
524,94,376,376,1.0,left
525,95,374,374,1.0,right
520,96,378,378,1.0,right
520,96,378,378,1.0,left
526,97,372,372,1.0,right
526,97,372,372,1.0,left
521,97,373,373,1.0,right
521,97,373,373,1.0,left
521,94,378,378,1.0,right
521,94,378,378,1.0,left
522,96,372,372,1.0,right
522,96,372,372,1.0,left
524,96,374,374,1.0,right
524,96,374,374,1.0,left
524,96,374,374,1.0,left
521,95,376,376,1.0,right
521,95,376,376,1.0,left
522,94,374,374,1.0,right
522,94,374,374,1.0,left
521,98,372,372,1.0,right
521,98,372,372,1.0,left
521,99,373,373,1.0,left
521,99,373,373,1.0,right
518,96,378,378,1.0,right
518,96,378,378,1.0,left
519,98,373,373,1.0,right
519,98,373,373,1.0,left
517,100,375,375,1.0,right
517,100,375,375,1.0,left
516,98,373,373,1.0,right
521,105,364,364,1.0,right
522,109,358,358,1.0,right
522,109,358,358,1.0,left
522,107,364,364,1.0,right
522,107,364,364,1.0,center
522,107,364,364,1.0,left
520,105,364,364,1.0,center
520,105,364,364,1.0,right
520,105,364,364,1.0,left
520,105,364,364,1.0,center
516,105,366,366,1.0,left
516,105,366,366,1.0,right
520,107,366,366,1.0,center
520,107,366,366,1.0,left
513,105,373,373,1.0,right
510,103,372,372,1.0,left
510,103,372,372,1.0,right
510,103,372,372,1.0,center
515,108,362,362,1.0,right
515,108,362,362,1.0,left
507,103,372,372,1.0,right
505,98,376,376,1.0,right
505,98,376,376,1.0,left
502,96,368,368,1.0,right
502,96,368,368,1.0,center
494,82,358,358,1.0,center
494,81,345,345,1.0,center
493,89,316,316,1.0,center
484,90,312,312,1.0,center
468,84,314,314,1.0,center
468,84,314,314,1.0,left
459,84,318,318,1.0,center
459,84,318,318,1.0,left
456,91,309,309,1.0,center
455,92,308,308,1.0,center
455,92,308,308,1.0,center
455,92,308,308,1.0,left
457,95,304,304,1.0,right
457,95,304,304,1.0,left
457,95,304,304,1.0,center
461,102,296,296,1.0,center
461,102,296,296,1.0,left
458,106,298,298,1.0,right
458,106,298,298,1.0,center
458,106,298,298,1.0,left
467,107,290,290,1.0,center
467,107,290,290,1.0,left
467,107,290,290,1.0,left
466,108,295,295,1.0,center
466,108,295,295,1.0,center
467,115,290,290,1.0,center
467,115,290,290,1.0,center
467,115,290,290,1.0,left
467,123,282,282,1.0,right
467,123,282,282,1.0,center
462,125,288,288,1.0,right
462,125,288,288,1.0,center
474,128,277,277,1.0,right
474,128,277,277,1.0,left
476,134,270,270,1.0,center
476,134,270,270,1.0,left
477,138,267,267,1.0,right
477,138,267,267,1.0,center
464,139,275,275,1.0,center
464,138,274,274,1.0,right
469,147,255,255,1.0,right
460,140,268,268,1.0,right
448,131,288,288,1.0,right
456,133,280,280,1.0,center
451,130,288,288,1.0,center
458,132,282,282,1.0,center
458,132,282,282,1.0,left
459,132,286,286,1.0,center
459,132,286,286,1.0,left
465,132,280,280,1.0,center
465,132,280,280,1.0,left
472,129,279,279,1.0,center
472,129,279,279,1.0,right
473,116,291,291,1.0,center
